{
  "architecture": "densenet121",
  "mimic_test": {
    "mean_auc": 0.764009144169005,
    "mean_auprc": 0.8656002682772496,
    "mean_f1": 0.7777286993545384,
    "per_pathology": {
      "Atelectasis": {
        "auc": 0.7330037968335841,
        "auprc": 0.9897851921866366,
        "f1": 0.8390677025527192,
        "n": 1061
      },
      "Cardiomegaly": {
        "auc": 0.8620934129678168,
        "auprc": 0.9633027050426607,
        "f1": 0.9136199276817999,
        "n": 1517
      },
      "Consolidation": {
        "auc": 0.8235866481957914,
        "auprc": 0.8897786201787576,
        "f1": 0.80248833592535,
        "n": 512
      },
      "Edema": {
        "auc": 0.851141916620663,
        "auprc": 0.8996901602050363,
        "f1": 0.7928130263896688,
        "n": 1469
      },
      "Pleural Effusion": {
        "auc": 0.8904965293856102,
        "auprc": 0.9553016791166574,
        "f1": 0.8836601307189542,
        "n": 2105
      },
      "Pneumonia": {
        "auc": 0.729294952783121,
        "auprc": 0.7553128705259972,
        "f1": 0.6746765249537893,
        "n": 1028
      },
      "Pneumothorax": {
        "auc": 0.6584876543209877,
        "auprc": 0.20525848613081077,
        "f1": 0.2926829268292683,
        "n": 1134
      },
      "Enlarged Cardiomediastinum": {
        "auc": 0.7798831775700934,
        "auprc": 0.8559630155514988,
        "f1": 0.8167053364269141,
        "n": 307
      },
      "Lung Opacity": {
        "auc": 0.7309057144296727,
        "auprc": 0.9758288453602638,
        "f1": 0.8351005484460695,
        "n": 1650
      },
      "Lung Lesion": {
        "auc": 0.6266960029336267,
        "auprc": 0.9207620346000254,
        "f1": 0.8894472361809045,
        "n": 229
      },
      "Fracture": {
        "auc": 0.7437125748502994,
        "auprc": 0.9898291102072163,
        "f1": 0.8881578947368421,
        "n": 172
      },
      "Support Devices": {
        "auc": 0.738807349136793,
        "auprc": 0.9863905002214335,
        "f1": 0.70432480141218,
        "n": 1509
      }
    }
  },
  "chexpert": {
    "mean_auc": 0.7967683287543358,
    "mean_auprc": 0.49045900167605794,
    "mean_f1": 0.4466698497011325,
    "per_pathology": {
      "Atelectasis": {
        "auc": 0.8497564935064935,
        "auprc": 0.7278581027338679,
        "f1": 0.6503067484662577,
        "n": 234
      },
      "Cardiomegaly": {
        "auc": 0.8244153082919915,
        "auprc": 0.6476302521038688,
        "f1": 0.618421052631579,
        "n": 234
      },
      "Consolidation": {
        "auc": 0.8967284788180311,
        "auprc": 0.5467950629291822,
        "f1": 0.43137254901960786,
        "n": 234
      },
      "Edema": {
        "auc": 0.9049970605526161,
        "auprc": 0.7353170357082394,
        "f1": 0.7070707070707071,
        "n": 234
      },
      "Pleural Effusion": {
        "auc": 0.8999016891589954,
        "auprc": 0.812132567678356,
        "f1": 0.7074829931972789,
        "n": 234
      },
      "Pneumonia": {
        "auc": 0.9120575221238938,
        "auprc": 0.18998668955565506,
        "f1": 0.1415929203539823,
        "n": 234
      },
      "Pneumothorax": {
        "auc": 0.6078539823008849,
        "auprc": 0.09906261395441274,
        "f1": 0.0967741935483871,
        "n": 234
      },
      "No Finding": {
        "auc": 0.20784103114930183,
        "auprc": 0.10076911343331624,
        "f1": 0.224,
        "n": 234
      },
      "Enlarged Cardiomediastinum": {
        "auc": 0.8810275229357798,
        "auprc": 0.832762033550951,
        "f1": 0.8130081300813008,
        "n": 234
      },
      "Lung Opacity": {
        "auc": 0.8744121105232218,
        "auprc": 0.8786900653570857,
        "f1": 0.7758620689655172,
        "n": 234
      },
      "Lung Lesion": {
        "auc": 0.8540772532188841,
        "auprc": 0.02857142857142857,
        "f1": 0.011494252873563218,
        "n": 234
      },
      "Support Devices": {
        "auc": 0.7007138126425786,
        "auprc": 0.704963484783819,
        "f1": 0.616822429906542,
        "n": 234
      },
      "Pleural Other": {
        "auc": 0.944206008583691,
        "auprc": 0.07142857142857142,
        "f1": 0.0125,
        "n": 234
      }
    }
  },
  "generalization": {
    "internal_auc": 0.764009144169005,
    "external_auc": 0.7967683287543358,
    "gap": 0.03275918458533078,
    "gap_percent": 4.287800065660495,
    "status": "Excellent generalization (gap < 10%)"
  }
}