{
  "internal_auc": 0.7702109481194511,
  "external_auc": 0.8049648504972093,
  "gap": -0.03475390237775822,
  "gap_percent": -4.512257643521353
}